time / ps;msd / pm^2;std / pm^2
0.0;0.0;0.0
9.0;14543.2710788;16.918139085585675
18.0;19242.8047584;52.10919225344193
27.0;23089.967402200004;60.03451697210213
36.0;26507.933084999997;74.10563725783513
45.0;29688.2735702;90.77037242258922
54.0;32672.652821199998;94.91409522554031
63.0;35538.3288868;90.52623756858517
72.0;38293.9030658;103.13042967782123
81.0;40967.5589274;113.82895654633074
90.0;43574.889001;132.16274449437884
99.0;46113.1597406;142.0706227983766
108.0;48584.607193799995;163.32198686423936
117.0;51008.5951098;196.423281432099
126.0;53402.0139912;212.6489054988862
135.0;55759.2694104;243.5752819453855
144.0;58087.4320262;281.320241995279
153.0;60383.7345986;303.46366821999595
162.0;62641.278940599994;345.76858389135435
171.0;64877.9916166;366.2871323747478
180.0;67105.08592000001;401.59807798174654
189.0;69291.298497;426.6389880559673
198.0;71480.14860399999;469.95775921676005
207.0;73630.40027900001;501.6297696046438
216.0;75769.576197;529.8683567867062
225.0;77901.6298194;558.9791050561815
234.0;80016.24966619999;563.2650023295499
243.0;82129.4925448;584.1563879282065
252.0;84221.23833220001;595.4660338564245
261.0;86303.35974039999;626.9194842502015
270.0;88368.8784026;647.4115065350826
279.0;90442.78710660001;658.8623320134038
288.0;92516.86819800001;671.1845116718408
297.0;94567.3216394;692.4742067960859
306.0;96616.51513999999;715.8513510557925
315.0;98661.4033716;742.8449853298409
324.0;100689.6239292;774.797483710154
333.0;102727.02581579999;803.2102347926347
342.0;104752.73881480002;819.9336780087732
351.0;106777.4954474;862.0205498388316
360.0;108783.82676400003;887.7990123056004
369.0;110804.0285386;942.4765019836241
378.0;112799.90631000002;974.690876891253
387.0;114791.8321572;1001.483352335974
396.0;116794.8809254;1028.6057570946184
405.0;118785.03025200001;1052.6645830968707
414.0;120785.9399804;1069.4428220471655
423.0;122766.4370504;1093.3878287821867
432.0;124748.97031640001;1114.6970396662955
441.0;126708.9024386;1142.9641917268611
450.0;128687.1499564;1157.2435235882876
459.0;130663.90444999999;1186.67013012866
468.0;132628.690549;1211.9474955199662
477.0;134589.77642439998;1237.6457939452027
486.0;136552.52468119998;1248.682306187822
495.0;138508.8161258;1273.2446107480664
504.0;140453.2570138;1301.0954233574669
513.0;142393.445691;1334.4763252295459
522.0;144336.62240659998;1373.7874100679428
531.0;146266.74483639997;1402.4895129912504
540.0;148211.9065904;1428.556822111547
549.0;150155.257113;1449.0949959699385
558.0;152090.269705;1488.4408739343592
567.0;154022.7782696;1533.1146096981533
576.0;155960.50842;1578.4982987745489
585.0;157896.23190299998;1613.8400116397058
594.0;159829.63957499998;1633.8038410346037
603.0;161761.7284976;1660.4699769365852
612.0;163693.4543266;1684.2311333417165
621.0;165626.0228412;1701.4488948186847
630.0;167559.97787;1740.4971680028782
639.0;169483.9055628;1768.7599961625745
648.0;171413.7365666;1794.1631540321848
657.0;173349.8034692;1848.5621162441764
666.0;175261.58069499998;1887.5303205812565
675.0;177189.5054362;1925.690268605638
684.0;179121.44950780002;1958.21881543918
693.0;181048.2485356;2003.8595097114382
702.0;182974.633402;2044.5445405968562
711.0;184897.960395;2072.706944401345
720.0;186817.8215568;2109.7280742678972
729.0;188743.41350740002;2153.7090273367926
738.0;190678.02324200002;2188.129075325621
747.0;192596.3397858;2225.8000978759956
756.0;194521.26949739998;2260.1424574610896
765.0;196436.1460984;2311.4163201020438
774.0;198349.2078982;2339.763538143553
783.0;200269.4000802;2379.8462899832593
792.0;202179.2158696;2407.637933439438
801.0;204099.17519739998;2431.528994829988
810.0;206021.75442840002;2482.6658353962735
819.0;207936.1045372;2526.194822511545
828.0;209854.61333519997;2552.087258119346
837.0;211762.37254900002;2586.4146380171564
846.0;213683.6607258;2629.037513179512
855.0;215602.045216;2669.879310450828
864.0;217524.96554359997;2691.004488030157
873.0;219435.53515279997;2727.971542299212
882.0;221339.4595544;2763.8471627839845
891.0;223242.61913759998;2793.906254557087
900.0;225149.1128108;2827.01932235734
909.0;227063.24894999998;2847.485270122867
918.0;228977.68600739999;2890.7826742843417
927.0;230891.6125252;2920.8509810434875
936.0;232809.5071056;2949.643052790621
945.0;234719.737054;2971.635727431924
954.0;236634.50173900003;3017.4644036178524
963.0;238545.1426358;3053.413594233285
972.0;240455.8991986;3073.7200976003655
981.0;242367.31434359998;3093.7774758198357
990.0;244276.8673068;3118.8571295457787
999.0;246178.20762519998;3129.108650566275
1008.0;248079.11739999996;3133.4603204353443
1017.0;249985.80547639998;3156.099560248265
1026.0;251894.8962942;3183.9589584676896
1035.0;253815.9279078;3207.918088374548
1044.0;255718.9164874;3226.580166585949
1053.0;257622.2575828;3240.656014414621
1062.0;259525.97063200004;3269.2498462197395
1071.0;261431.13515919997;3294.9087933283163
1080.0;263333.0859576;3318.7963105537033
1089.0;265242.3833556;3354.420086930139
1098.0;267140.2500926;3381.958098808267
1107.0;269049.6919762;3402.3246004400016
1116.0;270942.7315064;3436.3623667356756
1125.0;272829.8618758;3443.776717030341
1134.0;274745.33849039994;3463.034132752449
1143.0;276647.6730978;3487.723768078315
1152.0;278556.80781820003;3496.482135650065
1161.0;280465.5463812;3519.7918764402457
1170.0;282369.7118108;3532.509215796549
1179.0;284277.26571639994;3547.420404089991
1188.0;286189.7697586;3565.355193801642
1197.0;288107.8960256;3581.252129123643
1206.0;290015.5493352;3602.1356174001444
1215.0;291937.58440299996;3599.9862171896534
1224.0;293842.3740054;3623.848699254105
1233.0;295747.5097112;3650.4000443946097
1242.0;297657.3356198;3650.955142733019
1251.0;299562.9332262;3670.507332636846
1260.0;301466.18791680003;3683.41332130839
1269.0;303380.1594452;3696.3121722688243
1278.0;305295.6624204;3694.755752695913
1287.0;307206.41270999995;3720.149927146802
1296.0;309114.88689799997;3722.6132509873028
1305.0;311015.5563284;3735.192305778172
1314.0;312921.78376;3748.8645477850196
1323.0;314822.94376500003;3749.7654361102514
1332.0;316720.2610162;3763.6589057446035
1341.0;318613.3429094;3777.5306802065347
1350.0;320519.3792414;3786.899220436794
1359.0;322405.8940694;3805.8386425885005
1368.0;324320.2787744;3814.3590732192106
1377.0;326236.9034976;3836.743331742421
1386.0;328147.49175259995;3857.8278574092255
1395.0;330049.6654578;3855.75731590819
1404.0;331965.05103439995;3877.4471168226178
1413.0;333865.6555844;3880.7875046595877
1422.0;335749.106964;3906.448460917597
1431.0;337656.90059659997;3940.0049484337947
1440.0;339574.89566080004;3964.7723358112844
1449.0;341479.6524152;3973.3572130164807
1458.0;343380.4753096;3986.7741932932413
1467.0;345284.63682320004;4002.2725995263904
1476.0;347183.58357899997;4022.2262059795225
1485.0;349080.8993268;4042.948104438842
1494.0;350974.61051519995;4072.696584070317
1503.0;352885.0016216;4088.4594618179913
1512.0;354788.18062939995;4113.145771818598
1521.0;356691.7062446;4135.955773075747
1530.0;358588.529902;4165.052857920379
1539.0;360503.0619206;4186.594149516409
1548.0;362396.001667;4211.687486074375
1557.0;364309.39610679995;4242.567308469145
1566.0;366223.31491899997;4260.055827995889
1575.0;368119.3461516;4287.266979915192
1584.0;370025.4225525999;4328.271544731879
1593.0;371928.6425644;4351.729856427418
1602.0;373816.7321676;4379.290980853836
1611.0;375713.062006;4413.090920321623
1620.0;377593.315818;4445.40264982834
1629.0;379480.8854918;4460.074691846162
1638.0;381375.70878020005;4497.441890749274
1647.0;383260.2113152;4538.704761979177
1656.0;385131.19983159995;4557.911998102204
1665.0;387009.8873086;4603.422056942203
1674.0;388897.1375656;4648.906053875679
1683.0;390802.11428960005;4685.342448460377
1692.0;392697.43756399996;4721.4678626101795
1701.0;394584.50864;4765.874744936656
1710.0;396493.87226740003;4820.826946978
1719.0;398386.2781392;4873.171142853572
1728.0;400273.8637192001;4907.776033388132
1737.0;402168.5813404;4931.153495866493
1746.0;404059.4868392;4978.917761299434
1755.0;405947.81558060006;5023.078895049694
1764.0;407844.7462526;5055.292014111315
1773.0;409739.21013719996;5093.600688386916
1782.0;411636.3122572;5140.414333681882
1791.0;413527.75707419997;5165.750705117665
1800.0;415425.16146900004;5209.145499848178
1809.0;417316.69565300003;5238.762096787282
1818.0;419193.84010780003;5292.367091908057
1827.0;421090.7786058;5312.710959936083
1836.0;422971.7117572;5355.583253729179
1845.0;424858.8198914;5379.731937561495
1854.0;426757.9997268001;5402.346123667942
1863.0;428639.92725;5423.889436439033
1872.0;430517.065051;5448.8722875569565
1881.0;432391.65829419997;5479.595540858955
1890.0;434278.5351498;5503.008341151395
1899.0;436158.05779060005;5507.592496276754
1908.0;438059.76283599995;5537.384946250751
1917.0;439949.20999019995;5567.69586295711
1926.0;441846.62369539996;5596.650905656287
1935.0;443735.41361840005;5630.944936479526
1944.0;445616.3352352;5665.938718529554
1953.0;447502.9346012;5692.484553034474
1962.0;449385.68973859993;5719.759068110932
1971.0;451272.6906323999;5742.476912524341
1980.0;453174.7811706;5769.570074760656
1989.0;455065.92563500005;5793.015796280083
1998.0;456957.90002420003;5833.810591443574
2007.0;458831.6920098;5847.47886194509
2016.0;460722.82968220004;5869.095666059935
2025.0;462620.882905;5904.343159680895
2034.0;464508.5071227999;5911.160328878058
2043.0;466401.74265400006;5939.226862171277
2052.0;468289.2793358;5964.475244140968
2061.0;470193.289136;5986.769714515286
2070.0;472100.534915;6016.725667701867
2079.0;474001.69147539994;6039.0657118595145
2088.0;475896.785451;6083.655152889533
2097.0;477809.35103439994;6109.54392920197
2106.0;479726.09732640005;6132.945072728782
2115.0;481641.7223216;6161.27784643909
2124.0;483565.490558;6179.1933093781545
2133.0;485473.542196;6193.014700316872
2142.0;487383.55749379995;6216.310793916569
2151.0;489300.08199960005;6252.577716249908
2160.0;491217.32371180004;6270.631828187232
2169.0;493135.1815796;6311.450890209246
2178.0;495055.7646431999;6345.253144663534
2187.0;496982.1481182001;6376.616113917942
2196.0;498900.3189584;6394.0767457689
2205.0;500828.2070852;6428.356857822425
2214.0;502753.590173;6457.397559346953
2223.0;504667.13994580007;6477.723347093099
2232.0;506573.44498260005;6519.532288393198
2241.0;508480.1242998;6565.3780856478825
2250.0;510400.1426564;6599.358258502215
2259.0;512304.067842;6636.720747326899
2268.0;514201.48667879996;6666.519218430332
2277.0;516093.0805074;6707.727112753265
2286.0;517991.5692624;6755.554002212551
2295.0;519889.526891;6806.125689148998
2304.0;521789.0552302;6848.317399606365
2313.0;523678.86392980005;6899.770022878935
2322.0;525585.2170213999;6943.595659478046
2331.0;527483.7964242001;6989.802626626546
2340.0;529374.4161048;7029.4867567351075
2349.0;531265.3386103999;7092.215262052506
2358.0;533162.6781196;7126.793292817081
2367.0;535071.7336162;7186.281038041241
2376.0;536962.8570121999;7246.829483939375
2385.0;538856.2723593998;7294.38160454086
2394.0;540743.2235954;7351.987156657891
2403.0;542645.3885363999;7389.713141713261
2412.0;544542.9273687999;7442.324384634042
2421.0;546441.1961418;7491.965978392177
2430.0;548341.2929789999;7526.620324336928
2439.0;550231.4664712001;7584.628834024359
2448.0;552120.4434324;7614.062248887891
2457.0;554000.7701054;7649.496982646107
2466.0;555884.756345;7692.068313731097
2475.0;557773.3824336;7733.121985400724
2484.0;559673.3191572;7769.835329445305
2493.0;561580.808485;7807.428764203925
2502.0;563480.1703347999;7843.035598211875
2511.0;565367.9567668;7903.2499093247625
2520.0;567276.5871400001;7938.334231581336
2529.0;569179.0249362;7988.822404639625
2538.0;571076.1279571999;8042.439263129308
2547.0;572962.1201486;8095.224737796483
2556.0;574870.2453916001;8123.098240892997
2565.0;576770.317249;8170.482007175246
2574.0;578664.6127774001;8221.195125618826
2583.0;580554.3981286;8269.215519954658
2592.0;582456.0850768;8321.624189384802
2601.0;584357.4250194;8357.54173615767
2610.0;586268.713952;8402.798944940008
2619.0;588171.9931507999;8452.771166397073
2628.0;590073.642387;8511.922604850008
2637.0;591974.3465738;8558.59953541777
2646.0;593890.7661624;8618.811982040459
2655.0;595802.6656754;8658.283387120175
2664.0;597703.7951448;8697.72161398121
2673.0;599613.1696134;8762.124206546221
2682.0;601527.724534;8799.91470641517
2691.0;603431.6159544;8848.261552703087
2700.0;605328.2756838;8895.304186953941
2709.0;607248.0582553999;8941.705549263559
2718.0;609156.9071246;8993.338143339219
2727.0;611069.1455004001;9043.927337374234
2736.0;612984.203598;9093.012518364494
2745.0;614891.0002946;9139.751585049647
2754.0;616792.4053525999;9179.275503430765
2763.0;618697.2215992;9228.768560396273
2772.0;620605.7805127999;9282.764901210801
2781.0;622511.1555975999;9324.314191907748
2790.0;624398.9126003999;9375.2892893732
2799.0;626299.0417938;9410.829342743455
2808.0;628205.6546023999;9455.249533134544
2817.0;630105.29616;9504.873424757125
2826.0;631995.9196824;9543.153472278906
2835.0;633905.2509032;9598.629036474764
2844.0;635793.6495749999;9653.519757281165
2853.0;637693.5430392;9696.272067172691
2862.0;639584.8491984;9740.612099907014
2871.0;641474.1060148;9791.224747370354
2880.0;643366.2973386;9847.741444963685
2889.0;645258.9907838;9891.019332440834
2898.0;647149.56727;9946.927921925047
2907.0;649035.2155676001;10020.835344437632
2916.0;650907.5401904;10077.191310260248
2925.0;652793.4542662001;10130.34061831126
2934.0;654669.2097666;10195.028630011317
2943.0;656550.5162724;10264.144863314208
2952.0;658412.4004182;10330.258897316287
2961.0;660311.0004846;10380.834638921937
2970.0;662180.3838188;10444.166083556645
2979.0;664066.7359229999;10490.560275896343
2988.0;665960.9851426;10547.796918976112
2997.0;667829.1906033999;10616.407840321119
3006.0;669712.3786574;10659.78216417179
3015.0;671581.9827098001;10708.414697955124
3024.0;673452.1526982;10763.112117144321
3033.0;675334.5054822;10814.828637696772
3042.0;677225.7844732;10887.727151586465
3051.0;679117.2486405999;10932.427922595974
3060.0;681011.8152958;10998.42508222899
3069.0;682906.0578989999;11045.900005599504
3078.0;684804.9279331999;11084.784030498759
3087.0;686701.1778780001;11151.893194803026
3096.0;688603.7807420001;11204.718756294935
3105.0;690494.5050752;11259.589551058512
3114.0;692400.880125;11304.212056091308
3123.0;694280.1360328;11352.055767459748
3132.0;696171.3168462;11410.314301900968
3141.0;698071.4261990001;11449.366676870757
3150.0;699966.8601208001;11483.08462315033
3159.0;701840.0662991998;11531.85467908711
3168.0;703739.0607874;11565.248114237713
3177.0;705632.5468513999;11613.197447872342
3186.0;707520.3617316;11648.708091974526
3195.0;709408.1450091999;11687.543577883036
3204.0;711305.63232;11726.814185175268
3213.0;713195.2130343999;11750.31965909796
3222.0;715093.3104900001;11782.750404348619
3231.0;716992.8067966;11826.539155436922
3240.0;718889.2627272;11874.973130438426
3249.0;720784.5020346;11906.858331898986
3258.0;722689.248363;11939.71043409509
3267.0;724584.395027;11982.77442971121
3276.0;726471.1468962;12026.289688549667
3285.0;728352.9670820001;12064.605534036791
3294.0;730241.4104871999;12097.384504065665
3303.0;732138.3554982;12132.46090966532
3312.0;734042.7594874001;12173.519046668887
3321.0;735943.5025082;12224.025808910961
3330.0;737840.0935758;12262.172826543643
3339.0;739735.9217551999;12296.287534664863
3348.0;741630.5821860001;12344.350332388618
3357.0;743530.0456614;12405.798223110081
3366.0;745416.1985076;12442.69256983009
3375.0;747300.8594818001;12486.460903484069
3384.0;749196.2718899999;12513.108711967549
3393.0;751100.1988622;12546.699465713114
3402.0;752991.1237834;12591.428762738058
3411.0;754902.4307629999;12623.238672443058
3420.0;756798.5602298001;12661.710267602677
3429.0;758696.5305704;12706.516090218369
3438.0;760598.9438332;12741.007233272927
3447.0;762504.9180386;12782.638961190529
3456.0;764416.215051;12827.563843590995
3465.0;766308.7658358;12861.00604462524
3474.0;768203.8675309999;12909.067673697005
3483.0;770090.5398202;12951.199642957145
3492.0;771972.2917286;12989.967089935108
3501.0;773865.098131;13020.125056409275
3510.0;775757.183192;13054.022489688086
3519.0;777644.9318842;13092.65386998377
3528.0;779540.5587138;13127.397104487072
3537.0;781447.8452278;13157.692579788754
3546.0;783347.8075538;13203.711338203002
3555.0;785244.797429;13238.9835109265
3564.0;787151.2799218;13273.567838218214
3573.0;789033.8657113999;13326.742948789873
3582.0;790932.879474;13366.267339983198
3591.0;792825.596341;13431.609830844212
3600.0;794709.0952111998;13487.651776001723
3609.0;796616.912844;13537.580346939973
3618.0;798524.1248826;13589.536023120096
3627.0;800412.4447466001;13634.67510680751
3636.0;802290.7304805999;13691.37005490946
3645.0;804183.9694794;13733.861573155946
3654.0;806078.0486134;13779.159919256874
3663.0;807978.0217668;13825.957402408523
3672.0;809884.077328;13886.30745768228
3681.0;811768.8777174;13929.77179464006
3690.0;813659.975574;13985.727880928203
3699.0;815583.4129512;14032.29767841947
3708.0;817480.0504482;14079.203181009107
3717.0;819389.6602538;14121.101237001134
3726.0;821290.011692;14176.203325215743
3735.0;823181.7615182002;14220.938259460489
3744.0;825075.0855962001;14270.769912797015
3753.0;826967.7828259999;14318.45293748411
3762.0;828861.4295162001;14378.297935682212
3771.0;830761.1223398;14439.03574447736
3780.0;832647.7410554;14486.868856966976
3789.0;834536.9548528;14554.242622003081
3798.0;836436.2992402001;14605.740834654836
3807.0;838316.4210148;14680.448836824164
3816.0;840203.3804710001;14729.259263985516
3825.0;842094.2353187999;14764.159171175172
3834.0;843977.6370402001;14824.726265017156
3843.0;845858.1381196;14877.884405818693
3852.0;847754.4474340001;14927.28646664041
3861.0;849655.2336518001;14994.502047460393
3870.0;851551.5383816;15059.840196764628
3879.0;853437.6605054;15120.898520075136
3888.0;855332.6096795999;15195.433489386898
3897.0;857209.6510894;15259.475021145925
3906.0;859105.2781072002;15316.195317109583
3915.0;860980.9059798;15365.954315263294
3924.0;862882.8873563999;15412.783717383658
3933.0;864768.2233845999;15473.730109756247
3942.0;866664.6257728;15534.843912276065
3951.0;868549.5393711999;15590.795573600097
3960.0;870430.483843;15659.179702863474
3969.0;872318.9459438;15717.842348471433
3978.0;874214.9149195999;15773.754689984773
3987.0;876101.1387468001;15814.206393623843
3996.0;877989.7449018;15876.75322059179
4005.0;879878.5610439999;15934.32823263099
4014.0;881772.3363290001;15984.20154165638
4023.0;883647.9238284;16039.116026345644
4032.0;885537.5467987999;16081.064981999192
4041.0;887436.77874;16115.506382366093
4050.0;889332.6246834;16174.474713485046
4059.0;891230.4232864;16206.294872688164
4068.0;893115.1082332;16250.000074159429
4077.0;895014.0063355999;16298.717586032
4086.0;896906.982052;16346.221715805925
4095.0;898785.8369324;16395.52490715706
4104.0;900679.7303611999;16441.44239937861
4113.0;902561.1466849999;16491.69178604179
4122.0;904455.906171;16528.314855501325
4131.0;906334.0698694;16583.81834595939
4140.0;908212.9588670001;16621.382530414037
4149.0;910096.9055178;16651.92625839241
4158.0;911989.1420775999;16705.86870897552
4167.0;913875.2105157999;16756.699089812268
4176.0;915758.8268255999;16798.170906753287
4185.0;917653.0323532;16840.15900303923
4194.0;919558.5155184001;16880.62268806061
4203.0;921450.7209514001;16912.450048444636
4212.0;923350.6609732;16964.80623194236
4221.0;925240.3183861999;17009.27509113815
4230.0;927130.461636;17055.017915940323
4239.0;929016.5706760001;17101.802431704033
4248.0;930903.002791;17150.5188399033
4257.0;932806.5234269999;17176.445390900906
4266.0;934694.0254340001;17217.460770427686
4275.0;936589.6614590001;17263.165315787184
4284.0;938484.8451791999;17302.312998656118
4293.0;940376.4002224;17348.52530046225
4302.0;942254.8040732;17372.6993178926
4311.0;944137.5049578;17411.56649978049
4320.0;946030.2445756001;17439.69278479345
4329.0;947915.3094326;17462.69928370452
4338.0;949801.3379532;17487.224795487487
4347.0;951680.2517005999;17513.055527720517
4356.0;953572.711005;17545.61268016655
4365.0;955461.438068;17576.053577645835
4374.0;957365.1599952001;17619.478840960102
4383.0;959264.5544002;17652.787408752854
4392.0;961169.1280701999;17691.346830134036
4401.0;963071.0520852001;17727.59207157056
4410.0;964975.0479892001;17751.73047484802
4419.0;966881.0562837999;17785.50323083492
4428.0;968784.2935836001;17842.708664232214
4437.0;970679.9397288;17904.333961059063
4446.0;972574.2515062001;17951.409966186122
4455.0;974463.3481924;17994.933241484723
4464.0;976358.2598172;18040.721232188174
4473.0;978223.7337792;18070.341476102953
4482.0;980115.5083184;18109.95759763656
4491.0;981990.842791;18138.049846327605
4500.0;983876.0890216001;18185.351930368943
4509.0;985749.1406216;18233.878007119234
4518.0;987624.9193176001;18294.711798509165
4527.0;989489.9303631999;18343.406692646604
4536.0;991362.7003612;18402.88216566754
4545.0;993237.016025;18465.558082509833
4554.0;995120.3664206;18512.490954969853
4563.0;996997.8635938;18571.57396786473
4572.0;998862.7850477999;18640.45101386821
4581.0;1000744.9685278;18700.16095896489
4590.0;1002626.5431951999;18751.41932073706
4599.0;1004506.0025062;18807.175015680143
4608.0;1006382.3662087999;18852.95192504796
4617.0;1008262.5409650002;18906.774882355963
4626.0;1010143.7512946001;18972.42281460914
4635.0;1012018.7191053999;19037.283789184436
4644.0;1013905.8369706001;19102.793035740033
4653.0;1015781.0796674;19173.547398538816
4662.0;1017660.9517946001;19240.307406657073
4671.0;1019530.5667362001;19288.991363341433
4680.0;1021400.4730104001;19355.376274439233
4689.0;1023277.3013906;19426.378564920724
4698.0;1025152.0774119999;19481.975600155645
4707.0;1027046.73359;19548.645345794805
4716.0;1028929.4973555999;19603.964845683444
4725.0;1030810.9200272001;19669.70693141045
4734.0;1032676.8447526001;19733.78125161281
4743.0;1034550.4728109998;19809.560482863508
4752.0;1036431.0070206001;19869.0367918314
4761.0;1038322.8481078001;19943.626341906674
4770.0;1040200.3916671999;20009.056702074835
4779.0;1042091.6626224;20068.204712636594
4788.0;1043964.3339456;20134.930396447486
4797.0;1045840.4489138;20194.24316094568
4806.0;1047721.6705870001;20254.808167560637
4815.0;1049596.1517518;20330.341793230495
4824.0;1051481.305048;20390.245377239844
4833.0;1053346.8519638;20468.9746532415
4842.0;1055229.8807722;20546.668847578294
4851.0;1057122.1262548;20616.453677747715
4860.0;1059000.1980794;20679.327274391228
4869.0;1060878.3472099998;20760.22180391321
4878.0;1062759.5334816;20830.768890559288
4887.0;1064641.4073036;20896.12875960957
4896.0;1066517.2459657998;20975.46982686836
4905.0;1068387.8969995999;21050.31139034251
4914.0;1070262.9648185999;21119.714819445435
4923.0;1072137.5151322;21187.55230087965
4932.0;1074006.7804470002;21253.129010621724
4941.0;1075882.054208;21320.586764997523
4950.0;1077744.8477741997;21409.554852805453
4959.0;1079623.9859406003;21473.05558901703
4968.0;1081502.632775;21535.06296845306
4977.0;1083385.9655958;21623.319511112117
4986.0;1085278.7981982;21707.58243502769
4995.0;1087163.2500071998;21786.75315838405
5004.0;1089046.5423740002;21873.01928480848
5013.0;1090930.6016235999;21942.247745984107
5022.0;1092809.8575701998;22018.164576170835
5031.0;1094685.0872768;22095.17042118233
5040.0;1096563.7606364;22168.507143944717
5049.0;1098444.1056432002;22243.007459411394
5058.0;1100320.2105044;22321.076284267783
5067.0;1102196.6371792;22395.890034543525
5076.0;1104080.296965;22439.74826272964
5085.0;1105948.0430734002;22528.367686625483
5094.0;1107826.8741558;22597.306842585473
5103.0;1109703.6906074;22676.641690396515
5112.0;1111577.4033242003;22734.21355589619
5121.0;1113460.9290267997;22815.137360231027
5130.0;1115341.2282931998;22895.09751759424
5139.0;1117219.3874561999;22964.792886231407
5148.0;1119101.0881542;23052.844503727505
5157.0;1120981.810763;23136.5708574353
5166.0;1122875.0173576002;23194.79116228571
5175.0;1124772.5122311998;23255.676993943613
5184.0;1126662.8958692;23310.726925923344
5193.0;1128540.6775618;23370.457285777302
5202.0;1130435.317282;23426.683910186028
5211.0;1132338.6986738;23493.41357201116
5220.0;1134235.7099456;23567.586075032912
5229.0;1136115.5631869999;23644.431473749144
5238.0;1138000.6017362;23703.317143274657
5247.0;1139883.9231616003;23769.65828985264
5256.0;1141771.6317022;23835.461890054456
5265.0;1143648.3045892;23901.282989077463
5274.0;1145514.7501572003;23980.887891974446
5283.0;1147404.8592043999;24054.974196798827
5292.0;1149269.794624;24143.569993781613
5301.0;1151157.4683264003;24224.533175810306
5310.0;1153024.9551818;24302.089209634054
5319.0;1154901.14316;24356.654119688203
5328.0;1156781.58697;24429.543076843656
5337.0;1158684.4946883998;24491.1945879338
5346.0;1160584.0521874002;24567.421481400557
5355.0;1162456.3986332;24633.348277769182
5364.0;1164329.5103004;24690.8932971536
5373.0;1166229.261582;24774.528514061552
5382.0;1168105.9784942002;24843.416902452005
5391.0;1169992.7374379998;24914.52451780798
5400.0;1171877.9480844;24997.52146644141
5409.0;1173769.8965802;25060.19667410238
5418.0;1175669.243126;25132.46346518811
5427.0;1177558.4208393998;25205.660723783236
5436.0;1179454.1671132003;25265.10415543081
5445.0;1181337.9761256;25329.64044857224
5454.0;1183211.722351;25389.778951759483
5463.0;1185119.45227;25459.89165082417
5472.0;1187018.7468380001;25519.79786561917
5481.0;1188919.2702539999;25586.030124156605
5490.0;1190819.1308614002;25662.90906938446
5499.0;1192718.6629562;25732.895582704932
5508.0;1194623.2195326001;25803.594660533967
5517.0;1196527.1320934;25888.731428728293
5526.0;1198438.1861094001;25962.364019332173
5535.0;1200344.6641513999;26028.417197608313
5544.0;1202247.225936;26103.04488692645
5553.0;1204144.4581678002;26168.50502682047
5562.0;1206059.3826818;26252.318712798333
5571.0;1207963.4854582;26341.85069812129
5580.0;1209872.2237173999;26417.711204740855
5589.0;1211789.682099;26495.921404896028
5598.0;1213699.0889303996;26572.74498383317
5607.0;1215610.7937520002;26666.573476377413
5616.0;1217519.6098814;26738.776748936765
5625.0;1219421.338408;26808.949094066822
5634.0;1221327.9813690002;26894.128018576546
5643.0;1223237.2367617998;26972.30374888978
5652.0;1225141.8500915999;27054.729301956057
5661.0;1227064.7798802;27126.093698179546
5670.0;1228973.9375032;27192.682298887146
5679.0;1230878.3597498;27265.679711233
5688.0;1232792.9216602002;27340.114432623956
5697.0;1234701.1141816;27412.004622893797
5706.0;1236597.6982337998;27495.000251317168
5715.0;1238515.4755762;27572.231847568662
5724.0;1240423.3659206;27651.149542877803
5733.0;1242336.4536449998;27721.929386334406
5742.0;1244247.0174586;27804.51332767518
5751.0;1246152.4355946;27868.10924382427
5760.0;1248063.9521582;27945.429077446337
5769.0;1249975.4766486;28028.037568748932
5778.0;1251872.5262658;28122.832725868997
5787.0;1253779.515681;28206.002845895146
5796.0;1255683.919988;28275.429621665073
5805.0;1257593.0704138;28365.704225599166
5814.0;1259500.281817;28460.735413580973
5823.0;1261399.5043803998;28533.06459178574
5832.0;1263314.9046613998;28612.294479678123
5841.0;1265217.3039298;28695.190260616757
5850.0;1267089.32241;28757.06004125335
5859.0;1268982.9303414;28851.3354609631
5868.0;1270868.777367;28945.259539149993
5877.0;1272747.7178812;29032.24454616242
5886.0;1274626.0053298;29118.27022875748
5895.0;1276515.0742861999;29208.939712732594
5904.0;1278398.2856102001;29299.494642284804
5913.0;1280278.5022123998;29373.441349522316
5922.0;1282155.3853438;29462.322926994955
5931.0;1284045.5387734;29539.98987682313
5940.0;1285949.5151122;29623.231732101245
5949.0;1287841.5795254;29711.920634445774
5958.0;1289736.7067476;29786.405492747934
5967.0;1291641.0432646;29865.375536675492
5976.0;1293541.0356477997;29943.300008624814
5985.0;1295452.1388674001;30035.791214317367
5994.0;1297339.9450189997;30116.74576577451
6003.0;1299229.1490344;30206.56802140214
6012.0;1301126.5404404001;30286.06439677787
6021.0;1303016.3952024002;30370.92089291055
6030.0;1304902.415496;30470.403315266052
6039.0;1306795.3511923999;30545.368107704635
6048.0;1308680.8205768;30632.48366704048
6057.0;1310570.4150488;30730.71400131699
6066.0;1312452.0218667998;30809.836010829113
6075.0;1314340.7066149998;30894.559274504183
6084.0;1316234.63036;30969.35893183502
6093.0;1318098.2909149998;31059.290280687237
6102.0;1319976.9566280001;31156.114236036017
6111.0;1321867.6291664;31244.475703399636
6120.0;1323760.1955938;31328.678749543193
6129.0;1325642.1163502;31411.927688377255
6138.0;1327539.062563;31515.42635676047
6147.0;1329420.2942474;31585.16553116519
6156.0;1331304.7537976;31654.92936148338
6165.0;1333189.5825394;31729.661130657936
6174.0;1335085.9987938;31814.039431681544
6183.0;1336981.4506191998;31902.607370635385
6192.0;1338869.4698230003;31986.29505710328
6201.0;1340762.7373532;32059.873396181683
6210.0;1342654.6085758;32138.933581469737
6219.0;1344550.90651;32236.269586005405
6228.0;1346430.1229522;32344.4484753986
6237.0;1348343.6855404;32453.1938272555
6246.0;1350231.9429862;32571.19305362337
6255.0;1352120.5802182;32672.368069062795
6264.0;1354039.5966224;32774.152401598665
6273.0;1355940.8903002;32856.46241483495
6282.0;1357837.2687786;32963.96762828903
6291.0;1359732.3747258;33062.985376582634
6300.0;1361633.5709982;33164.72204239017
6309.0;1363532.3170036;33276.590972207574
6318.0;1365428.5942426;33356.31413473407
6327.0;1367318.066349;33441.92846697976
6336.0;1369210.2308044;33547.433869613895
6345.0;1371114.1631329998;33654.071877157745
6354.0;1373018.3667928;33754.44456172417
6363.0;1374905.2271368;33845.92144736351
6372.0;1376800.179952;33942.172999274524
6381.0;1378701.5958668;34034.55638159742
6390.0;1380584.7729702;34151.2256049697
6399.0;1382493.2762384;34231.38067762792
6408.0;1384387.1270432002;34344.23118521848
6417.0;1386265.7079918;34435.970392461895
6426.0;1388157.4958136;34546.11242580744
6435.0;1390066.8107248;34655.48498013613
6444.0;1391964.0202684;34758.25294886036
6453.0;1393850.920528;34869.9074148033
6462.0;1395744.0313952;34977.17892892131
6471.0;1397629.0530349999;35095.54176980827
6480.0;1399520.4975053999;35197.81199326063
6489.0;1401407.4440154;35310.88884489662
6498.0;1403288.637758;35423.7577982975
6507.0;1405180.7801136;35543.7554463369
6516.0;1407080.9307718;35650.56500565357
6525.0;1408971.3864451998;35764.915970299524
6534.0;1410853.6347422;35871.749589142215
6543.0;1412734.9999512;35995.09400717472
6552.0;1414622.5555752;36109.924722870775
6561.0;1416503.8839946;36221.235238096095
6570.0;1418394.4981598002;36326.727407294995
6579.0;1420293.8287732;36446.422827053124
6588.0;1422189.2985982;36553.0892855029
6597.0;1424073.009472;36656.63504950492
6606.0;1425956.3005668;36769.25542826649
6615.0;1427839.1989787999;36882.031424767134
6624.0;1429721.300055;36980.98182806426
6633.0;1431607.6376013998;37090.49823535273
6642.0;1433484.7166779998;37183.492180134024
6651.0;1435349.9848254;37278.32174139911
6660.0;1437228.3699822;37396.49949228868
6669.0;1439116.9087244;37493.874877000584
6678.0;1440994.2262600001;37604.93111381539
6687.0;1442879.9761632;37716.24499191905
6696.0;1444763.159119;37828.02956093856
6705.0;1446660.4319626;37944.71963168425
6714.0;1448566.3948616001;38042.364021890586
6723.0;1450465.5055188;38149.089759750445
6732.0;1452367.8628396;38268.31613846501
6741.0;1454256.9494576;38375.096595659605
6750.0;1456147.8366522;38492.110547896875
6759.0;1458025.3753774;38604.40632188459
6768.0;1459935.7991170003;38715.389591893836
6777.0;1461805.3858880003;38808.01108314227
6786.0;1463686.6744636;38913.70594022526
6795.0;1465565.4337834;39029.03305274216
6804.0;1467444.9985788;39128.39512962181
6813.0;1469338.2266056002;39249.587312561394
6822.0;1471213.6896098;39359.006735300245
6831.0;1473106.036623;39470.50313110225
6840.0;1474996.8930325997;39568.36832812
6849.0;1476882.9007852;39679.002651699724
6858.0;1478770.2763349998;39790.982339901326
6867.0;1480670.8038415997;39896.470473296285
6876.0;1482564.6222884003;39989.62331282032
6885.0;1484455.9802318;40097.01026143198
6894.0;1486342.161461;40202.49344338967
6903.0;1488235.9370444;40304.336988090006
6912.0;1490116.7450444;40404.68376018519
6921.0;1492008.302499;40478.68838949429
6930.0;1493913.3478524;40576.81579321576
6939.0;1495781.0969723999;40669.716120153826
6948.0;1497662.7993758;40772.06734205928
6957.0;1499541.7473514;40877.00129353411
6966.0;1501444.6007118;40967.263888381065
6975.0;1503328.1722559999;41076.695830130724
6984.0;1505215.2687533996;41174.00666023442
6993.0;1507106.48275;41285.15330441311
7002.0;1509014.3993756;41381.424522450965
7011.0;1510911.7739602001;41497.92919546833
7020.0;1512807.7808218;41589.94417739572
7029.0;1514683.7176482002;41702.149468718926
7038.0;1516563.5367544;41799.650651303185
7047.0;1518450.4205576;41911.55046445612
7056.0;1520341.8666736002;42022.343661774925
7065.0;1522230.2785431999;42125.02657284904
7074.0;1524125.8150114;42239.730062841896
7083.0;1526010.0562336;42337.778115891095
7092.0;1527900.2601251998;42444.29651692765
7101.0;1529798.2288455998;42557.522953703745
7110.0;1531695.639182;42668.850040401216
7119.0;1533581.0409372;42778.221886166546
7128.0;1535467.8078703997;42883.2377616507
7137.0;1537366.528342;42985.51486050888
7146.0;1539256.279216;43102.87543419652
7155.0;1541148.8015582;43214.18753186066
7164.0;1543047.4824317999;43315.935572958784
7173.0;1544931.703384;43422.32447261654
7182.0;1546818.3186978;43534.20816538962
7191.0;1548697.0809264;43651.1098627642
7200.0;1550587.4851195998;43759.50812232828
7209.0;1552455.7282712;43878.69804959312
7218.0;1554337.4971951998;43980.35713871425
7227.0;1556211.3086074;44071.07837721617
7236.0;1558096.7968254;44191.85885223323
7245.0;1559980.0228012;44303.770947229095
7254.0;1561866.1280068;44399.61394463203
7263.0;1563754.4864912;44503.71414398172
7272.0;1565647.7799714;44602.59333237697
7281.0;1567530.7843454;44709.35928571106
7290.0;1569445.2333296002;44800.48957749429
7299.0;1571339.8244192;44895.65209815003
7308.0;1573235.2428849998;45002.00858044317
7317.0;1575126.3680648;45108.895741980996
7326.0;1577024.3884522002;45199.382763414316
7335.0;1578921.517193;45287.11794043033
7344.0;1580817.5045684;45386.09259783099
7353.0;1582724.8464614;45495.86188913814
7362.0;1584616.1338522001;45597.23640418685
7371.0;1586503.9717883999;45702.221254502896
7380.0;1588388.5702576;45802.66424343625
7389.0;1590292.0031234;45903.45072006912
7398.0;1592178.5730182002;45998.45698281122
7407.0;1594055.0525084;46093.07903174983
7416.0;1595938.6423726;46182.234723867456
7425.0;1597829.5502184;46277.99099943495
7434.0;1599730.7421184;46389.24101498229
7443.0;1601626.9616698;46488.197531386475
7452.0;1603525.4933828;46584.05998487971
7461.0;1605416.0911358001;46690.99346119208
7470.0;1607296.4446916;46797.891800976955
7479.0;1609198.9297481999;46892.896831891216
7488.0;1611105.6683794002;46994.6642966306
7497.0;1613004.5306462;47110.321573240115
7506.0;1614902.9130384;47225.73751137237
7515.0;1616798.8086638;47321.96308992756
7524.0;1618688.1368952;47423.18728019082
7533.0;1620580.3872284;47544.11758829376
7542.0;1622473.1060656002;47645.1143468684
7551.0;1624369.2907527997;47737.37952200535
7560.0;1626271.5910121999;47843.53862518054
7569.0;1628166.1775706;47940.23220361503
7578.0;1630076.0409274;48051.72334523703
7587.0;1631965.3342216;48144.7919628104
7596.0;1633843.2578802002;48229.661520012596
7605.0;1635744.6156038002;48328.21558291338
7614.0;1637630.5415750002;48437.63707192958
7623.0;1639524.815875;48545.268035424524
7632.0;1641415.7736902;48650.028133439075
7641.0;1643318.3387604;48730.04875998067
7650.0;1645215.4780116;48842.10300494665
7659.0;1647122.900143;48938.99220326283
7668.0;1649045.5800228;49034.690311315695
7677.0;1650957.1126913999;49140.11346783815
7686.0;1652867.0400154;49242.63293108139
7695.0;1654779.9283580002;49345.255554729345
7704.0;1656693.4654512;49449.52970895087
7713.0;1658597.2751942002;49547.06054247125
7722.0;1660500.41895;49627.63876462073
7731.0;1662409.1592206;49719.24681598643
7740.0;1664314.623159;49828.126017508286
7749.0;1666208.4804606002;49917.45128325339
7758.0;1668106.7004946;50012.4245473325
7767.0;1670013.3564153998;50111.562490357974
7776.0;1671914.6986113999;50206.07778117985
7785.0;1673826.2427611998;50302.54557203663
7794.0;1675736.3335474;50403.550923652736
7803.0;1677647.1778361998;50510.05440635512
7812.0;1679548.3398310002;50616.27585138527
7821.0;1681464.5639499999;50728.38389565121
7830.0;1683365.5496152;50829.57199288397
7839.0;1685269.061428;50931.18210630868
7848.0;1687173.3503261998;51036.10800623568
7857.0;1689073.9077599999;51132.688502814635
7866.0;1690973.5339834;51243.235289135184
7875.0;1692863.2704677999;51344.54725523546
7884.0;1694739.8722986002;51430.077481441906
7893.0;1696624.7955651998;51533.53527037153
7902.0;1698509.7399074;51649.96224316898
7911.0;1700396.8041904003;51740.18736392919
7920.0;1702291.1315714002;51833.28106720007
7929.0;1704184.9988138;51924.94652759467
7938.0;1706064.8694290002;52034.149369894054
7947.0;1707955.7474741999;52125.787521873914
7956.0;1709859.0057678;52203.58150308843
7965.0;1711746.9756554;52306.95457014865
7974.0;1713637.7126401998;52390.404664317095
7983.0;1715540.4376822002;52482.765206683085
7992.0;1717438.2385658;52570.11019075375
8001.0;1719328.7810107998;52651.69273143397
8010.0;1721228.2274014;52746.64506971743
8019.0;1723131.0001574003;52831.677334242784
8028.0;1725019.8906863998;52909.554567866144
8037.0;1726909.9474532001;52991.459875042485
8046.0;1728795.3404083997;53076.20404128334
8055.0;1730680.4412101998;53164.027924924325
8064.0;1732562.9103193998;53254.30550668726
8073.0;1734446.2072254003;53343.7625108207
8082.0;1736327.2412734;53433.93216547351
8091.0;1738223.3904144;53516.005395523585
8100.0;1740092.4199501998;53603.238871572044
8109.0;1741992.0947002;53689.1386192513
8118.0;1743869.6352986;53778.73556093382
8127.0;1745759.3305408;53869.041760058455
8136.0;1747635.2049230002;53951.12980100228
8145.0;1749530.0497641999;54035.79557507918
8154.0;1751421.4916194;54117.636100578886
8163.0;1753316.3477358003;54188.86068554045
8172.0;1755204.6328404;54278.43207604729
8181.0;1757096.7413578;54374.88476539888
8190.0;1758978.2071938;54452.47145694586
8199.0;1760856.2442276;54516.27161583182
8208.0;1762754.5307609998;54600.3415388784
8217.0;1764628.8970805998;54673.245913441155
8226.0;1766516.0886648;54749.91190557417
8235.0;1768406.8869164002;54828.767352899245
8244.0;1770282.3518163997;54909.787227874665
8253.0;1772156.763733;55001.30104795198
8262.0;1774043.3571495998;55093.13260651933
8271.0;1775916.794802;55164.539681067574
8280.0;1777807.5598977997;55258.2919734009
8289.0;1779679.3257614002;55345.703783326026
8298.0;1781568.0448076003;55428.62532923224
8307.0;1783447.7648174;55502.27674268196
8316.0;1785324.6330412;55570.17087271289
8325.0;1787187.2317030001;55644.75336559513
8334.0;1789063.9366026004;55713.15365646848
8343.0;1790946.0527104002;55796.0973954648
8352.0;1792820.2828938;55853.76393648404
8361.0;1794702.3079579999;55941.02841705248
8370.0;1796581.5378391999;56019.73598595353
8379.0;1798465.9902867998;56104.771863711736
8388.0;1800328.4597162001;56193.957604859585
8397.0;1802197.927882;56285.67625698977
8406.0;1804066.6511441998;56377.314424371645
8415.0;1805924.3990884;56459.16518656193
8424.0;1807774.1916262;56551.26321951519
8433.0;1809662.0298316;56629.163226680874
8442.0;1811521.8770178002;56712.884630705965
8451.0;1813402.2973242;56789.38722581004
8460.0;1815264.5310663998;56873.03574475013
8469.0;1817129.0874128;56934.263032497045
8478.0;1818994.320229;57012.642138605835
8487.0;1820865.0218206004;57096.66263369957
8496.0;1822735.9740499998;57162.87578611551
8505.0;1824596.8956132003;57236.37986982619
8514.0;1826453.020443;57303.179373076455
8523.0;1828332.395691;57379.546138395155
8532.0;1830215.7707888;57459.70930254522
8541.0;1832085.1484576003;57535.38815418782
8550.0;1833974.0542413997;57595.53898743081
8559.0;1835844.5446532;57680.03887304323
8568.0;1837715.4097882;57764.642767053156
8577.0;1839579.7798839998;57856.930768176295
8586.0;1841444.7376414002;57944.3857716476
8595.0;1843311.4669004001;58029.20061519471
8604.0;1845174.8253208;58111.49978212657
8613.0;1847041.746473;58191.91068316231
8622.0;1848916.0873582002;58271.056188571536
8631.0;1850776.5059268002;58354.987919608386
8640.0;1852667.351125;58432.559662518965
8649.0;1854544.9274432;58519.113195621925
8658.0;1856422.0678974;58610.628735158134
8667.0;1858294.5617602002;58690.167571663755
8676.0;1860179.7395418;58758.17290735514
8685.0;1862072.8226154;58843.545468946315
8694.0;1863966.7294606;58945.711501350124
8703.0;1865840.8575686;59036.742615886884
8712.0;1867721.5788222;59132.48959989312
8721.0;1869614.1355168;59206.79280347234
8730.0;1871501.3860690002;59289.91560794651
8739.0;1873406.2752354;59357.41269574988
8748.0;1875296.7866807997;59424.155281290325
8757.0;1877188.0198709997;59511.29592787667
8766.0;1879079.1865936;59589.02525498737
8775.0;1880981.669376;59674.3626277914
8784.0;1882880.5158656002;59743.04304339685
8793.0;1884779.3075304;59823.37450341028
8802.0;1886673.7039588;59913.463114005965
8811.0;1888558.5942533999;60005.95625057097
8820.0;1890453.5628225997;60092.94377060392
8829.0;1892339.3969116;60183.32818043522
8838.0;1894214.8567646001;60254.30100059417
8847.0;1896108.5359214;60317.28604531483
8856.0;1897995.3000718001;60394.003171492004
8865.0;1899868.0941596;60471.50956151443
8874.0;1901755.4952024003;60557.33265546141
8883.0;1903624.260063;60625.97629120386
8892.0;1905480.9208852001;60698.156590783365
8901.0;1907362.8814788;60800.284161909534
8910.0;1909237.6957864002;60910.14808284118
8919.0;1911109.4200712;60987.55537872647
8928.0;1912990.1176072;61084.13991094779
8937.0;1914879.6739845998;61177.14935056193
8946.0;1916766.1603718002;61264.43804562905
8955.0;1918666.3747695996;61341.39364594844
8964.0;1920552.5720632002;61433.71739005942
8973.0;1922454.4933336;61525.41752787959
8982.0;1924357.0838246003;61625.52611204919
8991.0;1926243.6132101999;61718.08355819079
9000.0;1928141.880985;61784.45338521567
